{
  "version": 1,
  "offset": {
    "x": 0.0,
    "y": 0.0
  },
  "reference_size": [
    1062,
    769
  ],
  "regions": {
    "hero_cards": {
      "x": 0.432,
      "y": 0.728,
      "w": 0.138,
      "h": 0.098
    },
    "board": {
      "x": 0.291,
      "y": 0.403,
      "w": 0.451,
      "h": 0.157
    },
    "pot": {
      "x": 0.513,
      "y": 0.371,
      "w": 0.07,
      "h": 0.03
    },
    "actions": {
      "x": 0.605,
      "y": 0.822,
      "w": 0.391,
      "h": 0.168
    }
  },
  "card_slots": {
    "size": [
      30,
      64
    ],
    "hero_left": {
      "x": 0.0476,
      "y": 0.1843,
      "tilt": -4.655172413793103
    },
    "hero_right": {
      "x": 0.432,
      "y": 0.1228,
      "tilt": 4.655172413793103
    },
    "board_1": {
      "x": 0.0125,
      "y": 0.0633
    },
    "board_2": {
      "x": 0.1994,
      "y": 0.0661
    },
    "board_3": {
      "x": 0.3845,
      "y": 0.0716
    },
    "board_4": {
      "x": 0.5734,
      "y": 0.0692
    },
    "board_5": {
      "x": 0.7629,
      "y": 0.0637
    }
  },
  "stacks": {
    "size": [
      90,
      28
    ],
    "stack_1": {
      "x": 0.4594,
      "y": 0.9064
    },
    "stack_2": {
      "x": 0.1703,
      "y": 0.7724
    },
    "stack_3": {
      "x": 0.0375,
      "y": 0.52
    },
    "stack_4": {
      "x": 0.1514,
      "y": 0.296
    },
    "stack_5": {
      "x": 0.3615,
      "y": 0.2354
    },
    "stack_6": {
      "x": 0.5564,
      "y": 0.235
    },
    "stack_7": {
      "x": 0.7673,
      "y": 0.2973
    },
    "stack_8": {
      "x": 0.8812,
      "y": 0.5199
    },
    "stack_9": {
      "x": 0.752,
      "y": 0.7714
    }
  },
  "bets": {
    "size": [
      60,
      28
    ],
    "bet_1": {
      "x": 0.4764,
      "y": 0.6632
    },
    "bet_2": {
      "x": 0.2818,
      "y": 0.6213
    },
    "bet_3": {
      "x": 0.153,
      "y": 0.5034
    },
    "bet_4": {
      "x": 0.2177,
      "y": 0.3783
    },
    "bet_5": {
      "x": 0.3599,
      "y": 0.3276
    },
    "bet_6": {
      "x": 0.521,
      "y": 0.3276
    },
    "bet_7": {
      "x": 0.723,
      "y": 0.38
    },
    "bet_8": {
      "x": 0.7906,
      "y": 0.5023
    },
    "bet_9": {
      "x": 0.6615,
      "y": 0.6213
    }
  },
  "buttons": {
    "size": [
      24,
      24
    ],
    "btn_1": {
      "x": 0.4255,
      "y": 0.6892
    },
    "btn_2": {
      "x": 0.2861,
      "y": 0.6827
    },
    "btn_3": {
      "x": 0.1469,
      "y": 0.5423
    },
    "btn_4": {
      "x": 0.1865,
      "y": 0.3576
    },
    "btn_5": {
      "x": 0.3599,
      "y": 0.2822
    },
    "btn_6": {
      "x": 0.6174,
      "y": 0.2809
    },
    "btn_7": {
      "x": 0.7901,
      "y": 0.3576
    },
    "btn_8": {
      "x": 0.8296,
      "y": 0.5423
    },
    "btn_9": {
      "x": 0.6911,
      "y": 0.6827
    }
  },
  "card_backs": {
    "size": [
      0.118,
      0.034
    ],
    "card_back_2": {
      "x": 0.15,
      "y": 0.651
    },
    "card_back_3": {
      "x": 0.021,
      "y": 0.402
    },
    "card_back_4": {
      "x": 0.133,
      "y": 0.177
    },
    "card_back_5": {
      "x": 0.342,
      "y": 0.117
    },
    "card_back_6": {
      "x": 0.538,
      "y": 0.118
    },
    "card_back_7": {
      "x": 0.747,
      "y": 0.179
    },
    "card_back_8": {
      "x": 0.86,
      "y": 0.403
    },
    "card_back_9": {
      "x": 0.729,
      "y": 0.653
    }
  },
  "fold_pixel": {
    "x": 0.6328,
    "y": 0.9766,
    "color": [
      95,
      28,
      27
    ]
  },
  "names": {
    "size": [100, 18],
    "name_2": {"x": 0.16572504708097857, "y": 0.7464239271781536},
    "name_3": {"x": 0.03561676082862523, "y": 0.49260078023407017},
    "name_4": {"x": 0.14669190207156305, "y": 0.27120156046814037},
    "name_5": {"x": 0.35585028248587564, "y": 0.21060156046814046},
    "name_6": {"x": 0.5535751412429378, "y": 0.21020156046814045},
    "name_7": {"x": 0.7616502824858756, "y": 0.27120117035110525},
    "name_8": {"x": 0.8736670433145008, "y": 0.49380117035110527},
    "name_9": {"x": 0.7444670433145009, "y": 0.7453011703511052}
  }
}