{
  "card_size": [
    30,
    64
  ],
  "reference_size": [
    1062,
    769
  ],
  "slots": {
    "hero_left": {
      "x": 0.0476,
      "y": 0.1843,
      "tilt": -4.655172413793103
    },
    "hero_right": {
      "x": 0.432,
      "y": 0.1228,
      "tilt": 4.655172413793103
    },
    "board_1": {
      "x": 0.0125,
      "y": 0.0633
    },
    "board_2": {
      "x": 0.1994,
      "y": 0.0661
    },
    "board_3": {
      "x": 0.3845,
      "y": 0.0716
    },
    "board_4": {
      "x": 0.5734,
      "y": 0.0692
    },
    "board_5": {
      "x": 0.7629,
      "y": 0.0637
    }
  }
}