{
  "scale": 1.4000000000000004,
  "panels": {
    "strategy": {
      "x": 0.20903954802259886,
      "y": 0.8608582574772432
    },
    "position_badge": {
      "x": 0.3352165725047081,
      "y": 0.6931079323797139
    },
    "street_badge": {
      "offset_x": 60
    },
    "hand_info": {
      "offset_x": 140
    },
    "pot": {
      "offset_x": -0.08001506591337104,
      "offset_y": 0.02149674902470744
    },
    "hero_cards": {
      "offset_x": 0.002824796986817313,
      "offset_y": -0.08107802340702208
    },
    "board_cards": {
      "offset_x": 0.0276374529190207,
      "offset_y": -0.14277633289987002
    },
    "dealer": {
      "offset_x": -0.05821374764595104,
      "offset_y": -0.025012223667100097
    },
    "stacks_4": {
      "offset_x": -0.0299310734463277,
      "offset_y": -0.012514954486345875
    },
    "stacks_3": {
      "offset_x": -0.02808380414312618,
      "offset_y": -0.015448634590377153
    },
    "stacks_5": {
      "offset_x": 0.030213747645951028,
      "offset_y": -0.04164187256176852
    },
    "stacks_6": {
      "offset_x": 0.03493709981167603,
      "offset_y": -0.03994148244473339
    },
    "stacks_7": {
      "offset_x": 0.041551224105461415,
      "offset_y": -0.042423537061118344
    },
    "stacks_8": {
      "offset_x": -0.025267796610169424,
      "offset_y": -0.010147074122236699
    },
    "stacks_9": {
      "offset_x": -0.0288361581920904,
      "offset_y": -0.01587334200260082
    },
    "stacks_1": {
      "offset_x": 0.037775141242937904,
      "offset_y": -0.07935188556566974
    },
    "stacks_2": {
      "offset_x": -0.022465725047080998,
      "offset_y": -0.010371391417425269
    },
    "bets_4": {
      "offset_x": -0.04161713747645951,
      "offset_y": -0.005289596879063718
    },
    "bets_8": {
      "offset_x": -0.004347645951035761,
      "offset_y": -0.004452145643693117
    },
    "bets_1": {
      "offset_x": 0.02548323917137474,
      "offset_y": -0.04051469440832256
    },
    "bets_7": {
      "offset_x": 0.008638418079096155,
      "offset_y": -0.0069895968790636975
    },
    "bets_2": {
      "offset_x": -0.012496798493408678,
      "offset_y": -0.005116644993498065
    },
    "bets_9": {
      "offset_x": -0.02873163841807902,
      "offset_y": -0.007717425227568242
    },
    "bets_3": {
      "offset_x": -0.017406779661016947,
      "offset_y": -0.008152925877763284
    },
    "bets_5": {
      "offset_x": -0.03315800376647837,
      "offset_y": -0.007905591677503265
    },
    "bets_6": {
      "offset_x": 0.02890583804143132,
      "offset_y": -0.032613003901170334
    },
    "opp_stats_9": {
      "offset_x": -0.05331826741996237,
      "offset_y": -0.242433810143043
    },
    "opp_stats_2": {
      "offset_x": -0.05542241054613936,
      "offset_y": -0.2408330299089727
    },
    "opp_stats_3": {
      "offset_x": -0.06292372881355933,
      "offset_y": -0.24330949284785447
    },
    "opp_stats_4": {
      "offset_x": -0.04970508474576271,
      "offset_y": -0.25337971391417424
    },
    "opp_stats_5": {
      "offset_x": -0.047940677966101686,
      "offset_y": -0.2525976592977893
    },
    "opp_stats_6": {
      "offset_x": -0.0460421845574388,
      "offset_y": -0.24829648894668394
    },
    "opp_stats_7": {
      "offset_x": -0.04507777777777777,
      "offset_y": -0.23777464239271778
    },
    "opp_stats_8": {
      "offset_x": -0.05163314500941618,
      "offset_y": -0.2510118335500651
    }
  }
}